"","population","BroodYear","R_lwr","R_med","R_upr","S_lwr","S_med","S_upr"
"1","Lower Mainstem",1985,12.1870113896748,16.0546613111189,21.3864119860649,3.13858704892339,4.25958912359735,5.79478609585536
"2","White-Donjek",1985,8.65933430519413,11.4383661499631,15.2117148361835,1.83311451476902,2.94889523145823,4.76706037976219
"3","Pelly",1985,14.75917624222,19.3395775926339,25.5006595510406,4.70007147973322,6.36263375988988,8.67505201015198
"4","Stewart",1985,9.78312915111195,13.4424592562396,18.9121303673822,2.9000812098769,4.18188459390109,6.09296061174989
"5","Carmacks",1985,6.98750278369803,9.27987038701907,12.4603986411124,2.90517018602182,4.16804302097767,6.10539351898905
"6","Teslin",1985,10.0992618066982,13.3277934955414,17.9473253634322,5.2340965534337,6.9738312467053,9.34410567665903
"7","Middle Mainstem",1985,11.743539788606,15.458357629931,20.5159765199952,6.58358237580516,8.24344781422883,10.3016309552774
"8","Upper Lakes and Mainstem",1985,8.36306200675393,11.139993760212,15.1738143103685,3.26648380414729,4.20963568772326,5.42674353106882
"9","Lower Mainstem",1986,24.0445830968456,30.7407831254222,39.4314089234187,5.98058774911655,7.41628681962326,9.32590546435573
"10","White-Donjek",1986,13.154324582675,16.818037364303,21.5871343986642,2.83654525670965,4.24950307720069,6.4764000813896
"11","Pelly",1986,26.2719960887147,33.2284598892057,42.7373351002459,7.52785333005255,9.86712879053154,12.9271957602763
"12","Stewart",1986,15.1240633613671,19.6889142102679,25.7725262731679,3.45328761915438,5.1081135270046,7.50409401633637
"13","Carmacks",1986,20.8624100464058,27.0640046428177,35.2935159674255,4.38857473457121,6.18610359742136,8.78457192933712
"14","Teslin",1986,20.7658621012444,26.4455142765934,34.3802153318878,6.4856671734788,8.67832049142099,11.5677658040443
"15","Middle Mainstem",1986,30.9096742232897,39.5819872484983,51.5179310732787,10.7858410862607,12.8123637247334,15.1677320513581
"16","Upper Lakes and Mainstem",1986,22.9388928721225,29.2952288525615,38.1642717256921,2.122312303286,2.839662128272,3.80409593407035
"17","Lower Mainstem",1987,23.8491942622036,30.5903683947095,39.9954098711709,3.50745392659179,4.66538304383147,6.23837818018723
"18","White-Donjek",1987,12.4812853880926,16.0959291011716,20.8813315953861,2.22235726022449,3.32677279591196,5.059791911976
"19","Pelly",1987,15.7329790561152,20.122185917565,25.7410199264306,5.77617412116418,7.43492017684946,9.49098188723846
"20","Stewart",1987,8.22989330866264,10.643465346508,13.8030719957312,2.35928823772362,3.44491852279867,4.98612068964729
"21","Carmacks",1987,12.7643285259956,16.4422402887353,21.2092511697563,2.93554920151595,4.10126779350397,5.7659237063343
"22","Teslin",1987,12.8097485259745,16.493085804123,21.3540717173324,2.38516961519414,3.4865301435284,5.1600815737831
"23","Middle Mainstem",1987,20.3529439425932,26.1542224616852,33.8577765749501,5.91500558890345,7.58996711259454,9.70581882894423
"24","Upper Lakes and Mainstem",1987,10.936862626511,14.1494336955466,18.2647085608315,1.33433007977352,2.28657687341102,3.90996127984349
"25","Lower Mainstem",1988,29.3441276750943,36.8680623131274,46.7553855312456,1.36514246193206,2.00543580002705,2.95454461062421
"26","White-Donjek",1988,13.6767912117287,17.3747500884014,22.1659196093713,2.4839379945239,3.70387913540353,5.57914175207915
"27","Pelly",1988,17.0865720457205,21.5483944266804,27.1259882740044,4.44662746733838,8.33041366982203,16.282037612254
"28","Stewart",1988,10.0523159064847,12.7998512619796,16.2388742836382,4.07670797788659,8.17667204162909,15.7852153608518
"29","Carmacks",1988,14.9833781240983,18.8725232765101,23.8767641776729,4.51556420664725,6.06356761306213,8.06918219662278
"30","Teslin",1988,13.1047727696145,16.4743601042951,20.8058552033131,4.7874448933905,6.46507639889764,8.66824372203843
"31","Middle Mainstem",1988,24.2544174127077,30.7505714864915,38.9485797294439,3.80950638501199,4.95628171823971,6.45681729507979
"32","Upper Lakes and Mainstem",1988,12.2114629734241,15.4745179016725,19.693718547682,0.536425314099672,0.913413160182797,1.57244116044915
"33","Lower Mainstem",1989,29.9529675927316,37.2773862485762,46.8975712638432,1.03425789951144,1.93162373310497,3.49491560860985
"34","White-Donjek",1989,15.1825728123604,19.6480881423385,25.6783567693418,4.78538268242561,7.79497244276587,12.4687926246375
"35","Pelly",1989,22.2331580200936,28.2898381287424,36.344516062866,6.08299537026177,10.940124372393,19.591078282065
"36","Stewart",1989,14.2544765871811,18.1099412148393,23.2770323885573,5.39300807600926,9.48871891627867,16.3603114625119
"37","Carmacks",1989,21.3575488962121,26.7430240233968,33.8371815341761,2.95713158076821,4.1658853594733,5.74752270929339
"38","Teslin",1989,19.2530001860893,24.2090204365363,30.6251546271614,6.31396178860376,10.0604996816296,15.7078141525709
"39","Middle Mainstem",1989,45.6447415562936,57.0843621922763,72.6660639930354,1.41899134178528,2.79618427190033,5.16217640526623
"40","Upper Lakes and Mainstem",1989,17.7548489605946,22.1865892435412,28.3703259518974,0.390226813163274,0.711533228023578,1.26382545761401
"41","Lower Mainstem",1990,10.7214730247679,14.3017017043786,18.8031967765232,1.01431828271409,1.70167652142946,2.87591948596827
"42","White-Donjek",1990,7.55271564114512,10.03480433493,13.2659708875729,2.95834389872174,5.62981036701117,12.0336465497366
"43","Pelly",1990,7.81718511242496,10.3780045355057,13.7338855825026,2.3523198901217,4.59319598571069,11.3577341787667
"44","Stewart",1990,4.4727958805355,6.08536639894018,8.1510439090817,3.81051411559781,10.4120512150879,25.311737186015
"45","Carmacks",1990,9.23983995713206,12.232523692424,16.0918396633572,1.25300397532711,4.07364627648169,12.9292159367945
"46","Teslin",1990,8.20891708782086,10.7680253452807,14.159988165652,3.33013659666269,7.48730791862757,19.1442787801292
"47","Middle Mainstem",1990,17.1347416023021,22.6231838557322,29.8087064261323,1.30448389176842,2.72890948245627,5.93206832583348
"48","Upper Lakes and Mainstem",1990,6.0100460045285,8.01112354293194,10.617053987165,0.249461585845892,0.484970709758821,0.971265163195059
"49","Lower Mainstem",1991,31.3130093603759,38.7279543421308,48.8884494531093,9.96147649093436,11.9611779923933,14.3795389949887
"50","White-Donjek",1991,17.0412324659761,21.0099873855949,26.1721920627993,3.37101352054935,5.76063814948835,9.69295423378129
"51","Pelly",1991,24.0192027725514,29.6273091285385,37.2103379931782,6.72913368870778,10.1687778866564,15.1250111332337
"52","Stewart",1991,15.3222190849975,19.3479519663637,24.67709774432,2.75258134205894,4.19154583414427,6.21918338787196
"53","Carmacks",1991,36.1368766208748,44.7346803039287,55.7860340073079,3.22113176123655,4.63846617894781,6.62081640125361
"54","Teslin",1991,19.356106341544,24.1326586259964,30.3051901457393,3.29405641223603,4.71200852398058,6.70561869629029
"55","Middle Mainstem",1991,56.1969778891492,69.3784561225475,86.7842139764944,7.88081906189707,10.0017203755103,12.6546594579947
"56","Upper Lakes and Mainstem",1991,17.7174804733775,22.0069203706553,27.9818709788278,6.61144757087599,8.25356201838723,10.2852398506437
"57","Lower Mainstem",1992,4.89146830672063,6.76783337533762,9.4067502803024,4.20991782239205,5.63826471209906,7.56269325861041
"58","White-Donjek",1992,6.4595715567658,8.40128373358523,10.9310214957308,1.88942317589288,2.92761542170115,4.57714297608022
"59","Pelly",1992,9.47904546974932,12.2551937649657,15.8093803904248,5.89855035849954,7.90672752725377,10.6789777008827
"60","Stewart",1992,7.54040839577727,10.05489822841,13.4179474452228,3.1006263197557,4.92881363554796,7.92165735689601
"61","Carmacks",1992,9.77205039935073,13.0295429127539,17.3622979763898,5.64742370490709,8.57385460769254,12.9506251196905
"62","Teslin",1992,7.89349861057303,10.2931963625147,13.3674304279825,5.37186139608712,7.34004950461283,10.0086288557792
"63","Middle Mainstem",1992,7.68248680091038,10.9368125481667,15.6377048538241,8.10638866600307,10.6759994437501,14.2255724928141
"64","Upper Lakes and Mainstem",1992,2.78805127393035,3.88510838095971,5.40469229444563,7.18973133698729,9.02515572403042,11.2523530995231
"65","Lower Mainstem",1993,13.7756326620099,17.3598906237174,22.2243495095233,9.07987164127615,10.9432112767437,13.1741472210831
"66","White-Donjek",1993,12.4498535016119,15.3273663699433,19.1348432517597,5.05960487570385,6.5416037847381,8.53705993262052
"67","Pelly",1993,17.5220164356307,21.578348123834,26.7385164767485,4.75083248901437,6.56261659110514,9.0388637730045
"68","Stewart",1993,11.2544558967873,14.2285860168714,17.9155371254813,2.0859249355671,3.31870768417581,5.26278304747301
"69","Carmacks",1993,17.5504855058378,21.7552891588154,27.2790838814544,3.29504810012263,4.6276213268765,6.40160681565799
"70","Teslin",1993,14.3919838107152,17.7514482762012,22.1493269919486,4.28292274649748,5.87536178120329,7.98150104388997
"71","Middle Mainstem",1993,15.4796220876863,19.5350023197179,24.9394436237399,6.18483192035115,7.79720135171532,9.78403508064972
"72","Upper Lakes and Mainstem",1993,9.14702726339862,11.5394210888217,14.9241079937169,2.25986540867332,3.02314286630529,4.05620093210131
"73","Lower Mainstem",1994,9.62362476313984,12.0148752897009,15.0345499848719,11.902588775244,14.2098927971588,17.0424345436305
"74","White-Donjek",1994,6.91944440752317,8.66794384378174,10.8866307936814,3.9139367231711,5.44679967439502,7.67431973367456
"75","Pelly",1994,9.50770454037841,11.8554529590622,14.7422418408967,4.55076869803575,6.06435138625927,8.07933454425283
"76","Stewart",1994,3.91611957302359,5.03955595319389,6.42473318309119,2.58627156691178,3.79168688735899,5.58735764640983
"77","Carmacks",1994,8.78741158769003,10.9474342490573,13.6735976745694,4.34818182866593,5.75383141788715,7.67341430451605
"78","Teslin",1994,7.81995369613785,9.86601336358814,12.4239787534315,2.45419030810639,3.7356032969828,5.72095966100289
"79","Middle Mainstem",1994,16.180461289962,20.3256128030709,25.6346140048935,5.63310844316462,7.31551357836709,9.49572079011536
"80","Upper Lakes and Mainstem",1994,7.38761584522002,9.3781759927832,11.9294399763462,3.80826000114708,4.85458230635349,6.16040352119614
"81","Lower Mainstem",1995,10.8695015733705,13.398108903529,16.4809453090034,6.55641696694412,8.38353725578508,10.6573157000155
"82","White-Donjek",1995,6.36501008369608,7.96425408990314,9.92813207285691,2.47732260175394,5.67380984158936,12.439701428901
"83","Pelly",1995,10.0321996375345,12.3752328521693,15.3071603047894,5.48758551417598,8.37657805936525,13.0895858834371
"84","Stewart",1995,4.20910832776998,5.31873171368009,6.73394925492159,4.35399880467615,5.99893298550272,8.27855165932136
"85","Carmacks",1995,6.91421074213207,8.69474240891543,10.871667729406,5.89970674946744,8.20465097584592,11.44383014594
"86","Teslin",1995,14.1176117245269,17.7758649996891,22.625618672991,5.77138486730564,7.92179015513549,10.7742406406518
"87","Middle Mainstem",1995,34.559196549626,42.8793275534036,53.0922420492402,19.0073335563173,22.3461021737252,26.220247970651
"88","Upper Lakes and Mainstem",1995,13.1576801919347,17.0952926289098,22.4339411706845,5.94837237352841,7.28958840881385,8.94714547215602
"89","Lower Mainstem",1996,11.6992016635685,14.4342007610247,18.023015700315,9.57377109267104,11.512343488681,13.8640534094343
"90","White-Donjek",1996,4.92131918399459,6.26200925747598,7.90049799733345,6.98994267069361,9.05137740008625,11.6997705466521
"91","Pelly",1996,8.98028743815246,11.1222205439994,13.6929738319795,4.61899542527885,6.22638407292165,8.39303287247264
"92","Stewart",1996,3.84980674417041,4.87683929288372,6.15279084777729,2.17339563216002,3.35351654993683,5.16949808253577
"93","Carmacks",1996,7.12049225116074,8.94569446031102,11.2231823527731,7.31980733934929,9.18081467105826,11.4849609423865
"94","Teslin",1996,7.04751904919244,9.24559908101144,12.129268682957,6.37236185206751,8.27176610692611,10.8482178028735
"95","Middle Mainstem",1996,33.2020154248947,40.6607824433129,49.893078867495,12.2777380327091,14.5453438208009,17.0824132599928
"96","Upper Lakes and Mainstem",1996,8.16679504404527,10.4934546460534,13.5608933580881,4.41719378664213,5.49297255768036,6.77658090156364
"97","Lower Mainstem",1997,19.1493146422103,23.5029792523748,29.2192100871731,9.21250010120949,10.7099696961696,12.4257003538209
"98","White-Donjek",1997,8.36946200849213,10.420262506564,13.0448294747547,2.91142024509676,3.99583081061105,5.46393180386891
"99","Pelly",1997,14.8183817701024,18.2046702853614,22.5258805336477,6.36871976816092,8.55791350337162,11.429489234071
"100","Stewart",1997,4.45507307171745,5.67040934352396,7.23966337608994,3.52978896862955,5.32521921804942,8.03454539693586
"101","Carmacks",1997,9.61855806448671,12.0093063439694,14.9506831594331,12.3451012178731,15.4009996576722,19.206068346022
"102","Teslin",1997,5.1206111184074,6.67060991523162,8.59955477357325,3.23180591566644,4.91561431646158,7.53504343102793
"103","Middle Mainstem",1997,22.7642262715728,28.0556450061967,34.56261863659,19.971128250559,23.5116795820924,27.6442826913446
"104","Upper Lakes and Mainstem",1997,7.31751491572304,9.07706939427786,11.2883068485964,5.21304915785387,6.43810270066418,8.01409269597051
"105","Lower Mainstem",1998,23.5708950719629,28.9795273307444,36.0722774348743,1.2065501245871,1.90429691191818,3.03849907696383
"106","White-Donjek",1998,8.96525625452292,11.1342095508589,13.8737931623623,4.8424727929669,5.98110225044878,7.42559731358239
"107","Pelly",1998,18.5149093700876,22.8286886747385,28.2825414540317,6.13408244787896,7.49866843258173,9.13655202345299
"108","Stewart",1998,7.21728119130326,9.20399939657455,11.7825945759833,5.6814774090136,7.773219438915,10.5838733944858
"109","Carmacks",1998,12.753442434674,15.8052069393398,19.6759794683092,4.24622066835077,6.70821526724202,10.3141114589823
"110","Teslin",1998,7.87531049030948,9.9493365624459,12.6370094894778,5.96976373716668,7.25148382501078,8.81545462957414
"111","Middle Mainstem",1998,26.9768807598184,33.0175253545296,40.9202097100882,1.45310600605921,1.95931372831876,2.64594928174242
"112","Upper Lakes and Mainstem",1998,11.6162130498715,14.3113289781822,17.9938279912227,0.693614553693561,1.05165899756804,1.58520795751696
"113","Lower Mainstem",1999,15.3812680471815,19.1363852584913,23.9119506037106,4.51294079047887,5.57882757050029,6.92594359442765
"114","White-Donjek",1999,7.39731741658362,9.40852570196052,11.9979760706893,2.29749833404369,3.28678266496656,4.7448283945815
"115","Pelly",1999,11.551154175124,14.3848731538881,17.9216394573022,3.81762595319504,5.02807868833403,6.58898433323019
"116","Stewart",1999,4.17700319211784,5.45686742469284,7.05708073807803,1.5437399229405,2.34357032572247,3.50528086142409
"117","Carmacks",1999,12.4948189167449,15.4635084591399,19.2500155701708,3.67640683274196,4.89580486310994,6.53865567592662
"118","Teslin",1999,8.82374523161787,11.1189402510029,14.0393759240908,2.71811076711303,3.80250187183132,5.29309011847523
"119","Middle Mainstem",1999,18.4464623003466,22.4962757097654,27.7680770017074,4.03470675064712,5.13900536314615,6.62454374263005
"120","Upper Lakes and Mainstem",1999,7.78546367524452,9.5608524683249,11.8314250800807,3.09766920725308,3.92711998441574,4.98718097356795
"121","Lower Mainstem",2000,15.9151046578803,19.5459965014471,24.0018001252905,5.58711718839994,6.70716117613872,8.05152470521353
"122","White-Donjek",2000,6.21027574248107,7.94617238072705,10.1141283930101,3.39400264010384,4.47880352542833,5.95709177186029
"123","Pelly",2000,13.5652264127072,16.6340408587026,20.4872913429425,4.62319090821616,5.84298751440112,7.40186047633316
"124","Stewart",2000,2.82556094482242,3.61078747386799,4.5776254039602,1.2442594886401,1.97302232376568,3.05364616699928
"125","Carmacks",2000,17.2533636595487,21.0923094044908,25.6823251497805,4.59273059703971,5.85035995719048,7.46553419218514
"126","Teslin",2000,7.42287493523983,9.45394141510743,12.0195802229444,2.53766707491517,3.58117732122293,4.95382147552124
"127","Middle Mainstem",2000,12.261753276282,15.193721186233,18.778279819843,8.50542320778073,9.99370811802811,11.7681984498978
"128","Upper Lakes and Mainstem",2000,4.73071204199096,5.87559933773266,7.29704237345597,3.10963297516652,3.83102087674383,4.73559936431739
"129","Lower Mainstem",2001,16.1300528369099,19.8080513719617,24.5456325870682,5.19470584021843,7.19924732603353,9.88087545738426
"130","White-Donjek",2001,9.00380880671085,11.1229000077334,13.9732766476702,3.3591288429669,4.77045267335271,6.71944996228168
"131","Pelly",2001,19.6121796487554,23.6723435884083,28.8824389681243,5.48733533804386,7.52639172078185,10.2555479421192
"132","Stewart",2001,3.90364567842871,4.85792641955801,6.10886601607515,2.22943006456145,3.27000639539112,4.81368783448757
"133","Carmacks",2001,19.6903865405422,23.886069198103,29.1559651527998,2.69256671233567,4.17265896012989,6.31525121654338
"134","Teslin",2001,12.2730121544051,15.7539662102354,20.3486235970342,11.309273485345,14.9089999612688,19.670795305255
"135","Middle Mainstem",2001,8.99982661198408,11.0060288829439,13.6072998608094,23.7601278104319,30.3754669709955,39.1664097079668
"136","Upper Lakes and Mainstem",2001,3.64947091448282,4.71917807188864,6.74842080435833,8.54783033894573,12.1759756788976,17.5164264042908
"137","Lower Mainstem",2002,6.97867220815434,9.19915034026048,11.9818187845303,6.76863512998543,8.32603418431149,10.2332057380997
"138","White-Donjek",2002,5.13225499861213,6.55260233180764,8.45678388593425,1.58745893753022,2.5366839514792,4.00129009489798
"139","Pelly",2002,9.43486033790646,11.9594574064229,15.1488137619083,4.12112664878002,5.36434582946761,6.9777233213195
"140","Stewart",2002,2.91469082165541,3.88343660962765,5.10050601218702,1.84025385129108,2.66312534347181,3.83365641463449
"141","Carmacks",2002,8.07993221143311,11.0528936672353,15.6958972555853,3.78392321495236,5.236974675405,7.28721367733626
"142","Teslin",2002,9.75278887930452,13.8513983430438,18.8898781389116,1.60500804905024,2.98184747603126,5.26419444966868
"143","Middle Mainstem",2002,7.47019219884703,9.11014986212672,11.1821460596896,21.6472787184808,24.7829747189194,28.4651913850743
"144","Upper Lakes and Mainstem",2002,2.9131207940052,5.24768179140431,7.56030342243491,2.59426733544812,3.37324234023448,4.36746481489747
"145","Lower Mainstem",2003,10.9805125698471,13.4353301738754,16.4427458108284,13.0144618447915,15.2326059558898,17.7701189459063
"146","White-Donjek",2003,6.33779388572041,8.52740708498315,11.618657793897,6.3943996849743,7.87175595798479,9.74915702596435
"147","Pelly",2003,15.2081062589259,17.6615977674227,20.5447567513973,10.1288207195264,12.3803960741053,15.1536561684692
"148","Stewart",2003,5.86913427327342,7.12453664467402,8.59033973453734,2.1466696662607,3.23371578956818,4.7771255212201
"149","Carmacks",2003,14.6811413876789,17.8596095592129,22.9644189704889,5.66371300708846,7.25678722898711,9.33381180828814
"150","Teslin",2003,12.6615869066996,17.0890420738559,22.8925201980127,2.67923035888482,4.01789513457607,5.938434696854
"151","Middle Mainstem",2003,9.15782438636122,10.7770643009684,12.7571283318266,9.15956940832893,11.0146012759774,13.3246165043274
"152","Upper Lakes and Mainstem",2003,1.57930370026115,3.09858980170036,5.48909327999327,4.08896850151149,5.00849402749662,6.1243634448095
"153","Lower Mainstem",2004,3.65799829379132,5.3375261955282,7.5941575174252,9.59054890145737,11.4252341876823,13.5976689751011
"154","White-Donjek",2004,3.12943808880737,4.71665400529858,6.79733837042784,2.08971373016006,3.21019759882884,4.8871815199727
"155","Pelly",2004,8.42347784892233,10.1587254567053,12.2255803538531,6.87127003585575,8.77726383152965,11.1757470117698
"156","Stewart",2004,3.24499454130021,4.17025350825763,5.24904280778726,2.74308899941861,3.88689846613534,5.57054403371092
"157","Carmacks",2004,9.00953691211729,11.293248524958,13.9758490042643,4.2278862401438,5.58180830535702,7.33851498580457
"158","Teslin",2004,9.43126282220033,12.1255725580406,15.5525240765491,2.69036991219781,3.9279178967588,5.74659567185782
"159","Middle Mainstem",2004,7.86032974468214,9.45875292158079,11.5619272481652,11.9950544472054,14.1096647987518,16.622074119425
"160","Upper Lakes and Mainstem",2004,2.70366036502344,3.77238786242448,5.50398777864024,5.52159411641389,6.73611809214767,8.20649489466309
"161","Lower Mainstem",2005,6.4958983801303,8.7305899684299,11.6754405527157,9.4207852659742,11.4040771946008,13.8020262296808
"162","White-Donjek",2005,4.71852056405357,6.55609644510216,8.93664073589481,5.18331259559179,6.87320867575273,9.09355710941273
"163","Pelly",2005,9.31818666367403,11.2348461660086,13.5870933142381,6.85130416265049,8.47037979146097,10.504113962541
"164","Stewart",2005,4.29152119330055,5.30411320073494,6.49730193944734,2.04301640696002,3.04161566053603,4.49261491497342
"165","Carmacks",2005,14.7230063020402,17.9217636660237,21.6810100362046,9.12981991141487,10.9579562466192,13.126062112152
"166","Teslin",2005,6.87277673903331,8.89278023063725,11.350646746527,6.60806422034781,8.36120036570508,10.6200465525853
"167","Middle Mainstem",2005,13.7348918778183,16.0021692075747,18.8775325999267,13.7872125354269,14.1305912008089,14.4877925725913
"168","Upper Lakes and Mainstem",2005,5.74167978753173,7.51848777252283,9.37967229974443,5.47597745148024,5.66315432231864,5.85663147308835
"169","Lower Mainstem",2006,4.14263535942475,7.04119135061828,10.23129869976,13.6070136467715,14.3015557321298,15.0381932255545
"170","White-Donjek",2006,2.53903217270504,3.63141675709093,5.09059192433407,2.32431130762716,3.90019837574906,6.59205749712863
"171","Pelly",2006,6.56853524230046,8.16510941868646,10.0630840450709,11.1127640039009,12.8672881850704,14.8696454963541
"172","Stewart",2006,2.51872057249106,3.31408283216422,4.29328825318569,1.37024006031317,1.54299802413176,1.73486909313453
"173","Carmacks",2006,8.44292631920624,10.8098581196718,13.6228293006496,16.1631716540581,17.9910591215376,19.9979496420565
"174","Teslin",2006,4.45410916869127,5.93451109214113,7.77774264398531,2.94981067926693,4.66021721831167,7.33060256091974
"175","Middle Mainstem",2006,10.9922345238257,12.7819648776848,14.9760166653713,6.41375382004969,6.6688257908541,6.93386666947577
"176","Upper Lakes and Mainstem",2006,2.75095468971659,3.99374551087917,5.60388540420842,2.137955631411,2.2629649033105,2.39239675744288
"177","Lower Mainstem",2007,3.61867825434872,6.29815335347357,9.70443188165815,3.16627657392866,4.50383262869606,6.39654700612346
"178","White-Donjek",2007,1.71629221314818,2.64423821971728,3.96358902590523,5.54167621297997,5.83650400727751,6.1490314714371
"179","Pelly",2007,3.86846196421988,4.98529079810882,6.32479788421974,7.47538284524767,8.83387579847582,10.4745021187084
"180","Stewart",2007,0.832486888919406,1.29495393877779,1.87317577146884,1.9286368488777,2.32113303139672,2.78747595079458
"181","Carmacks",2007,7.8250357726012,9.57709706143276,11.6407169951992,4.99735380878909,5.2927237975897,5.60729415550145
"182","Teslin",2007,7.64612598386227,9.74989458959822,12.0994059382839,6.04880701576654,6.44932306736582,6.86765700686865
"183","Middle Mainstem",2007,6.92701155143048,8.02688130531447,9.32157665842359,2.08687103141067,2.23240001250903,2.38606188370961
"184","Upper Lakes and Mainstem",2007,2.28638184147791,3.2624813012576,4.51611860097489,1.19695103376229,1.27163920462346,1.35080044212712
"185","Lower Mainstem",2008,1.05127909243931,2.24453296701914,4.30478068126589,4.0287143430646,4.62960684221329,5.30295952744399
"186","White-Donjek",2008,1.32012361074877,2.15350501261549,3.32750261065665,1.32415209718639,1.77871965785427,2.40176996344917
"187","Pelly",2008,3.59327537462642,4.61508491392248,5.85532834295309,3.6835327724698,4.20769225387059,4.79218899080643
"188","Stewart",2008,1.5236483755833,2.14050792707951,2.8293116812578,2.3048248981793,2.40795990864412,2.51481326619777
"189","Carmacks",2008,6.63156859102943,8.3768521426241,10.3360150015102,2.44399129018238,6.30998846200845,15.023796235893
"190","Teslin",2008,5.7083410240932,7.45653422082587,9.50908455801228,5.02767836106125,7.51404442455173,11.2395445454091
"191","Middle Mainstem",2008,9.98821690416958,11.2849393677987,12.6666543238727,6.82620074830572,7.14365098220982,7.48036449008675
"192","Upper Lakes and Mainstem",2008,3.29140111874808,4.5400394655423,5.87438432129693,3.58786848895671,3.73915024786296,3.89711941306745
"193","Lower Mainstem",2009,7.77681036624351,9.69297961598522,11.7980948725651,6.17078654593057,7.61440015578907,9.35608663319404
"194","White-Donjek",2009,6.41765141606005,8.20838316278869,10.4893484160423,3.28258186591063,5.54896219205427,9.21019152607838
"195","Pelly",2009,12.4591923129076,14.2055252165481,16.1881735795088,12.0700694239964,13.4068240852003,14.8160458625625
"196","Stewart",2009,4.27074734656756,5.04255517749265,5.88159108506899,4.84044560878843,5.09338807654342,5.34798707715167
"197","Carmacks",2009,13.4018484081349,15.2540376179989,17.2708589713129,12.6454397683824,13.0865830601714,13.5395766225003
"198","Teslin",2009,5.83234395552717,7.00564177550363,8.41060619198058,8.78974981516794,12.0268562872918,16.6253813111327
"199","Middle Mainstem",2009,15.7061478268821,17.1490077408933,18.6794985774795,5.28799925793647,5.51014948929825,5.73954223560889
"200","Upper Lakes and Mainstem",2009,4.69464683881231,5.97243387495324,7.3155551876975,1.43058172444422,1.50254083539758,1.57642218753386
"201","Lower Mainstem",2010,3.93724028133843,5.9774670769091,8.65611078199857,2.79745984263629,3.85966311200553,5.33246435118453
"202","White-Donjek",2010,4.00402567666303,5.82477252434055,8.27539555083186,2.82282812372708,3.82391044530011,5.18056730152833
"203","Pelly",2010,6.04605547940818,7.332699702685,8.82832527644371,3.34346288897736,3.93266647535118,4.6038090363184
"204","Stewart",2010,2.16400068191508,2.86574923060448,3.67984155251531,1.72840307040953,1.927137446244,2.15022466808854
"205","Carmacks",2010,10.270737984533,12.0303953352408,14.0470922056232,4.9083161472831,5.55998671912357,6.27560075902835
"206","Teslin",2010,3.15721880865063,4.21796258358803,5.57577646732875,2.45813709119005,3.03460158011837,3.74311924995667
"207","Middle Mainstem",2010,10.427600490392,11.5422995472625,12.6915132346357,7.12681721537755,7.69158551598756,8.28959852826402
"208","Upper Lakes and Mainstem",2010,3.02028083692706,3.98690319813936,5.16996732968436,2.20927040097463,2.31761444510791,2.43214831880587
"209","Lower Mainstem",2011,17.7127095671767,21.9501035694136,26.8512184453656,2.45450520178848,3.24999587065268,4.26499131180106
"210","White-Donjek",2011,11.5007827444106,15.2153218274136,19.7044029468305,1.80350780898428,2.89742681286183,4.62054486029686
"211","Pelly",2011,10.697404313934,13.0149816579766,15.9931703806876,5.16315180156965,6.31916060292338,7.71365033316051
"212","Stewart",2011,6.84028352694375,7.99375005839185,9.22134143815199,2.38305487139069,2.48728683620521,2.60059830765425
"213","Carmacks",2011,16.3871566214285,18.9409470014251,21.9343159198787,9.58684782964242,11.2524927481664,13.2033023204984
"214","Teslin",2011,16.5088736004365,19.4617487557604,23.1071039087891,5.41924707920671,7.13299465045862,9.37521696943403
"215","Middle Mainstem",2011,10.1309109516837,11.2704975865716,12.5697246106431,9.16621302739846,9.41329044281392,9.66499328025806
"216","Upper Lakes and Mainstem",2011,3.6129468197423,4.37891391629197,5.26286543104519,4.68825954052937,4.85088277130293,5.01602945349407
"217","Lower Mainstem",2012,11.1136926177298,14.5023060169191,18.3782950932387,6.79462125328307,7.32716487625518,7.91509381508847
"218","White-Donjek",2012,7.17940901321928,10.3739946297259,14.246736079716,1.18112265044131,1.81386446294567,2.77749871036045
"219","Pelly",2012,10.0879234571014,11.9391645077514,14.0812035020262,3.27152248494489,4.33763108485213,5.66168072091273
"220","Stewart",2012,4.25004394787067,5.38524067037407,6.65254650134716,1.80234505319305,1.99787387696643,2.21626391957954
"221","Carmacks",2012,13.9055699573513,16.2113337739352,18.8829468729045,5.0287835837222,5.62153274821133,6.27823353535511
"222","Teslin",2012,8.81904871598532,10.7243408531849,12.9142996572184,2.94927828521333,3.76549553800686,4.82450000230661
"223","Middle Mainstem",2012,11.8746643119925,13.4189295715023,15.2644092867471,6.42656745447594,6.6793572601367,6.93388132388167
"224","Upper Lakes and Mainstem",2012,3.35540130597693,4.16619227822271,5.10779564270199,2.07309593623612,2.19911037299773,2.33022651639613
"225","Lower Mainstem",2013,8.55234992919916,11.5050355326822,16.2742211742267,1.1560234739163,2.29647654854839,4.4122859604893
"226","White-Donjek",2013,4.7722896985299,6.99645382884015,10.6300245539832,0.800406743288832,1.46078014374597,2.57544894612577
"227","Pelly",2013,8.46198033436977,10.5348729035235,13.4406494382971,2.88831036571362,3.55143124656171,4.36122624323904
"228","Stewart",2013,2.63350839406816,3.49910130705146,4.69793488990918,0.318944476226629,0.422113018933609,0.559223381291231
"229","Carmacks",2013,13.6238437700973,16.8268731646394,21.5791544272741,6.13325148699445,6.50413862014249,6.89813992499394
"230","Teslin",2013,6.80903082518506,8.85822968437231,12.3103212161579,8.2978301793317,9.43973294483012,10.7034428697202
"231","Middle Mainstem",2013,13.1001107391785,15.8468906607378,20.7040040680215,5.03091712285538,5.24206071356751,5.46604586233733
"232","Upper Lakes and Mainstem",2013,4.2969668020815,5.44940408138913,7.63870322505774,2.06786211131344,2.15853666439483,2.25160628235542
"233","Lower Mainstem",2014,6.27338749376036,11.5364985282938,25.4301268163042,1.59647626472814,2.45906146480913,3.60920695243558
"234","White-Donjek",2014,7.59254778275832,13.505088568973,25.8815654104261,4.41089166799816,6.19168880390792,8.62376099330135
"235","Pelly",2014,12.3126723737089,19.3552586973315,32.9681723068409,7.78055257568911,9.60044336011357,11.831189760802
"236","Stewart",2014,5.34301980189256,10.1652532369426,21.3198478170956,4.29083361740665,4.78609993205153,5.34304135826539
"237","Carmacks",2014,14.7642796476339,22.9144321764559,38.1968191643638,9.45914218671722,11.137623907328,13.0757743325433
"238","Teslin",2014,7.5947728588517,12.2927942399207,21.9000184218069,5.05861442489709,5.9766227756626,7.06704196789112
"239","Middle Mainstem",2014,13.8742928860459,23.2048048517072,44.8833342405252,15.574112983706,17.0917897164822,18.8158006544763
"240","Upper Lakes and Mainstem",2014,4.43878839977218,7.9563730920405,16.6365551432264,6.5198062868036,7.03258207276568,7.61625476582306
"241","Lower Mainstem",2015,4.39015575435905,15.2578807872425,58.1717391402809,10.9847837342348,11.8632896822034,12.8530601954534
"242","White-Donjek",2015,5.69358095246278,13.0368154406061,30.8535535951372,5.65764143065484,6.72258524021224,8.03398610136827
"243","Pelly",2015,10.6506389534074,21.6634123294879,44.6307178481637,11.5266133596853,12.4687362282499,13.5133420153322
"244","Stewart",2015,3.09464078361209,7.9883722362043,21.6086417181808,3.73877025590751,3.91454776723931,4.10232729154033
"245","Carmacks",2015,5.95765858482859,13.5025383298846,31.9250708281398,18.6604419891476,19.144289310991,19.6321929579264
"246","Teslin",2015,5.72666199237427,12.3075031169089,27.3830370933006,4.95454965619219,5.73070841423454,6.61756901643335
"247","Middle Mainstem",2015,8.1095999397481,21.3323587560602,62.4213011684941,17.8220232632133,18.2231746953597,18.6256196953501
"248","Upper Lakes and Mainstem",2015,3.05571415465379,9.18146786107432,30.2389358276785,4.76330462992631,4.93589169768601,5.11231367666448
"249","Lower Mainstem",2016,NA,NA,NA,11.4026051847385,14.5569977356694,18.5052123807339
"250","White-Donjek",2016,NA,NA,NA,6.27695303753867,9.02594170302786,13.0103769763052
"251","Pelly",2016,NA,NA,NA,5.34686584368438,8.00364926677364,11.6806157547485
"252","Stewart",2016,NA,NA,NA,4.64484596897765,4.90737252853652,5.18966055376141
"253","Carmacks",2016,NA,NA,NA,7.82872746596667,9.94035383250056,12.6336863882138
"254","Teslin",2016,NA,NA,NA,5.60277848031956,8.18741378027699,11.8780521135403
"255","Middle Mainstem",2016,NA,NA,NA,5.68788726681027,6.05417570836955,6.43759450736312
"256","Upper Lakes and Mainstem",2016,NA,NA,NA,2.8108938788925,2.9526648219567,3.10183951298218
"257","Lower Mainstem",2017,NA,NA,NA,10.1316875441752,10.6130231300556,11.1006112060496
"258","White-Donjek",2017,NA,NA,NA,9.91965492831113,10.3604957821783,10.8135925685791
"259","Pelly",2017,NA,NA,NA,7.83147979610588,8.88898465077658,10.0773205265535
"260","Stewart",2017,NA,NA,NA,3.28075455656924,3.54603902486903,3.82789644682124
"261","Carmacks",2017,NA,NA,NA,12.3213363442023,13.2874218276348,14.3016040977872
"262","Teslin",2017,NA,NA,NA,11.7974758401273,12.5894738494806,13.4498166533067
"263","Middle Mainstem",2017,NA,NA,NA,7.21236989375657,7.44913136270804,7.6975574863988
"264","Upper Lakes and Mainstem",2017,NA,NA,NA,2.69267463919034,2.79992364755788,2.91096803734289
"265","Lower Mainstem",2018,NA,NA,NA,10.0791320552028,10.395359323325,10.7236759796043
"266","White-Donjek",2018,NA,NA,NA,1.93569959836021,4.5502671938488,9.30567309654089
"267","Pelly",2018,NA,NA,NA,5.23446174332944,6.18685909400775,7.30562925675163
"268","Stewart",2018,NA,NA,NA,3.64561596067722,3.86097941533327,4.08038919377041
"269","Carmacks",2018,NA,NA,NA,9.67432352479419,11.6811202000025,14.0958470590921
"270","Teslin",2018,NA,NA,NA,5.31851841360969,6.26668278045655,7.40476709587386
"271","Middle Mainstem",2018,NA,NA,NA,10.5339132523798,11.1348938208515,11.7558214463024
"272","Upper Lakes and Mainstem",2018,NA,NA,NA,2.75453970731286,3.25471187072136,3.86531819763728
"273","Lower Mainstem",2019,NA,NA,NA,2.34355475267825,3.49028344920649,5.21382460161095
"274","White-Donjek",2019,NA,NA,NA,3.36157543016317,5.1115468831372,7.72550065924108
"275","Pelly",2019,NA,NA,NA,6.33412979167455,7.46279823540387,8.79093382689021
"276","Stewart",2019,NA,NA,NA,2.1746084531155,2.52072187865685,2.90415023659737
"277","Carmacks",2019,NA,NA,NA,7.42429234568966,9.11770112777677,11.187497064135
"278","Teslin",2019,NA,NA,NA,4.11371065668508,5.02957547401871,6.1265952485574
"279","Middle Mainstem",2019,NA,NA,NA,8.13900588162955,9.06970246102086,10.0965466739877
"280","Upper Lakes and Mainstem",2019,NA,NA,NA,3.0195005106836,3.40536680704755,3.84361982146984
